www.work24.go.kr	443	0	ok	0.49	0.57	0.18	
www.work24.go.kr	443	0	ok	0.33	0.46	0.18	
www.work24.go.kr	443	0	ok	0.33	0.16	0.18	
www.gojobs.go.kr	443	0	ok	0.65	0.67	0.20	
www.gojobs.go.kr	443	0	ok	0.40	0.67	0.19	
www.gojobs.go.kr	443	0	ok	0.30	0.66	0.19	
job.alio.go.kr	443	0	ok	0.49	0.49	0.20	
job.alio.go.kr	443	0	ok	0.33	0.57	0.20	
job.alio.go.kr	443	0	ok	0.28	0.49	0.19	
www.pen.go.kr	443	0	ok	0.95	2.91	0.17	
www.pen.go.kr	443	0	ok	0.65	0.65	0.17	
www.pen.go.kr	443	0	ok	2.38	0.34	0.17	
home.pen.go.kr	443	0	ok	0.34	0.80	0.17	
home.pen.go.kr	443	0	ok	0.17	0.69	0.17	
home.pen.go.kr	443	0	ok	0.17	0.79	0.18	
www.busan.go.kr	443	0	ok	0.38	0.53	0.16	ConnectionResetError
www.busan.go.kr	443	0	ok	0.49	0.51	0.37	
www.busan.go.kr	443	0	ok	0.33	0.49	0.35	
eminwon.bsseogu.go.kr	443	0	ok	1.36	1.53	0.57	
eminwon.bsseogu.go.kr	443	0	ok	1.10	1.43	0.56	
eminwon.bsseogu.go.kr	443	0	ok	0.72	0.91	0.55	
eminwon.bsdonggu.go.kr	443	0	ok	0.53	0.66	0.22	
eminwon.bsdonggu.go.kr	443	0	ok	0.42	0.53	0.22	
eminwon.bsdonggu.go.kr	443	0	ok	0.00	0.36	0.21	
eminwon.yeongdo.go.kr	443	0	ok	0.35	0.65	0.42	
eminwon.yeongdo.go.kr	443	0	ok	0.34	0.53	0.41	
eminwon.yeongdo.go.kr	443	0	ok	0.02	0.19	0.40	
eminwon.busanjin.go.kr	443	0	ok	0.34	0.50	0.19	
eminwon.busanjin.go.kr	443	0	ok	0.34	0.46	0.20	
eminwon.busanjin.go.kr	443	0	ok	0.35	0.55	0.19	
eminwon.dongnae.go.kr	443	0	ok	0.36	0.54	0.19	
eminwon.dongnae.go.kr	443	0	ok	0.30	0.47	0.18	
eminwon.dongnae.go.kr	443	0	ok	0.34	0.50	0.19	
eminwon.haeundae.go.kr	443	0	dns_fail	10.02	0.00	0.00	gaierror
eminwon.haeundae.go.kr	443	0	dns_fail	7.78	0.00	0.00	gaierror
eminwon.haeundae.go.kr	443	0	dns_fail	10.01	0.00	0.00	gaierror
eminwon.saha.go.kr	443	0	ok	0.36	0.37	0.20	
eminwon.saha.go.kr	443	0	ok	0.29	0.47	0.20	
eminwon.saha.go.kr	443	0	ok	0.34	0.52	0.20	
eminwon.geumjeong.go.kr	443	0	ok	0.33	0.53	0.19	
eminwon.geumjeong.go.kr	443	0	ok	0.35	0.49	0.18	
eminwon.geumjeong.go.kr	443	0	ok	0.34	0.51	0.18	
eminwon.yeonje.go.kr	443	0	ok	0.35	0.47	0.22	
eminwon.yeonje.go.kr	443	0	ok	0.28	0.50	0.22	
eminwon.yeonje.go.kr	443	0	ok	0.35	0.48	0.22	
eminwon.bsnamgu.go.kr	443	0	ok	0.34	0.49	0.41	
eminwon.bsnamgu.go.kr	443	0	ok	0.33	0.52	0.40	
eminwon.bsnamgu.go.kr	443	0	ok	0.32	0.47	0.35	
eminwon.sasang.go.kr	443	0	ok	0.34	0.47	0.20	
eminwon.sasang.go.kr	443	0	ok	0.33	0.62	0.19	
eminwon.sasang.go.kr	443	0	ok	0.33	0.49	0.20	
www.bsbukgu.go.kr	443	0	ok	0.35	0.49	0.18	
www.bsbukgu.go.kr	443	0	ok	0.34	0.51	0.18	
www.bsbukgu.go.kr	443	0	ok	0.35	0.18	0.18	
eminwon.bsgangseo.go.kr	443	0	ok	0.35	0.47	0.20	
eminwon.bsgangseo.go.kr	443	0	ok	0.33	0.51	0.20	
eminwon.bsgangseo.go.kr	443	0	ok	0.34	0.48	0.20	
www.bsdonggu.go.kr	443	0	ok	0.35	0.66	0.19	
www.bsdonggu.go.kr	443	0	ok	0.18	0.51	0.19	
www.bsdonggu.go.kr	443	0	ok	0.01	0.51	0.18	
www.bsjunggu.go.kr	443	0	ok	0.51	0.52	0.18	
www.bsjunggu.go.kr	443	0	ok	0.29	0.53	0.18	
www.bsjunggu.go.kr	443	0	ok	0.34	0.49	0.18	
www.gijang.go.kr	443	0	ok	0.35	1.06	0.18	
www.gijang.go.kr	443	0	ok	0.69	0.93	0.18	
www.gijang.go.kr	443	0	ok	0.71	0.52	0.18	
www.bsnamgu.go.kr	443	0	ok	0.32	0.33	0.35	
www.bsnamgu.go.kr	443	0	ok	0.18	0.52	0.35	
www.bsnamgu.go.kr	443	0	ok	0.17	0.52	0.35	
www.busanjin.go.kr	443	0	ok	0.70	0.51	0.18	
www.busanjin.go.kr	443	0	ok	0.29	0.36	0.19	
www.busanjin.go.kr	443	0	ok	0.00	0.52	0.18	
www.sasang.go.kr	443	0	ok	0.32	0.54	0.19	
www.sasang.go.kr	443	0	ok	0.49	0.49	0.19	
www.sasang.go.kr	443	0	ok	0.00	0.19	0.19	
www.bsgangseo.go.kr	443	0	ok	0.19	0.47	0.19	
www.bsgangseo.go.kr	443	0	ok	0.30	0.17	0.20	
www.bsgangseo.go.kr	443	0	ok	0.01	0.37	0.19	
www.bnfmc.or.kr	443	0	ok	0.32	0.45	0.18	
www.bnfmc.or.kr	443	0	ok	0.33	0.65	0.18	
www.bnfmc.or.kr	443	0	ok	0.30	0.18	0.18	
www.gijangcmc.or.kr	443	0	ok	0.33	0.17	0.35	
www.gijangcmc.or.kr	443	0	ok	0.34	0.47	0.34	
www.gijangcmc.or.kr	443	0	ok	0.32	0.50	0.34	
sports.dongnae.go.kr	443	0	ok	0.31	0.45	0.32	
sports.dongnae.go.kr	443	0	ok	0.50	0.65	0.32	
sports.dongnae.go.kr	443	0	ok	0.18	0.51	0.33	
www.jsports.or.kr	443	0	ok	0.51	0.74	0.34	
www.jsports.or.kr	443	0	ok	3.05	0.35	0.37	
www.jsports.or.kr	443	0	ok	0.32	0.51	0.35	
sports.yeonje.go.kr	443	0	ok	0.36	0.34	0.34	
sports.yeonje.go.kr	443	0	ok	0.29	0.45	0.33	
sports.yeonje.go.kr	443	0	ok	0.33	0.35	0.33	
www.yj-sports.or.kr	443	0	ok	0.53	0.65	0.17	
www.yj-sports.or.kr	443	0	ok	0.49	0.69	0.17	
www.yj-sports.or.kr	443	0	ok	2.99	0.33	0.17	
www.sysports.or.kr	443	0	ok	2.57	0.33	0.33	
www.sysports.or.kr	443	0	ok	0.32	2.30	0.33	
www.sysports.or.kr	443	0	ok	3.12	0.48	0.33	
www.sygsports.co.kr	443	0	ok	0.46	0.17	0.18	SSLCertVerificationError
www.sygsports.co.kr	443	0	ok	2.31	0.18	0.19	SSLCertVerificationError
www.sygsports.co.kr	443	0	ok	2.54	0.46	0.18	SSLCertVerificationError
www.sahaksports.or.kr	443	0	ok	0.64	0.33	0.33	
www.sahaksports.or.kr	443	0	ok	0.56	0.72	0.33	
www.sahaksports.or.kr	443	0	ok	0.32	0.16	0.33	
www.sports.busan.kr	80	0	ok	1.12	0.33	0.00	
www.sports.busan.kr	80	0	ok	0.53	0.17	0.00	
www.sports.busan.kr	80	0	ok	0.00	0.70	0.00	
www.busanjingu-sports.or.kr	80	0	ok	0.55	0.71	0.00	
www.busanjingu-sports.or.kr	80	0	ok	0.00	0.61	0.00	
www.busanjingu-sports.or.kr	80	0	ok	0.51	0.70	0.00	
www.bngsports.or.kr	80	0	ok	0.67	0.33	0.00	
www.bngsports.or.kr	80	0	ok	0.02	0.79	0.00	
www.bngsports.or.kr	80	0	ok	0.66	0.72	0.00	
www.gs7330.com	443	0	ok	0.78	0.43	0.34	
www.gs7330.com	443	0	ok	0.01	0.59	0.32	
www.gs7330.com	443	0	ok	0.37	0.34	0.34	
www.bsjgsc7330.co.kr	80	0	ok	2.32	0.49	0.00	
www.bsjgsc7330.co.kr	80	0	ok	0.95	0.16	0.00	
www.bsjgsc7330.co.kr	80	0	ok	0.32	0.18	0.00	
sahasports.or.kr	80	0	ok	0.56	0.70	0.00	
sahasports.or.kr	80	0	ok	0.34	0.44	0.00	
sahasports.or.kr	80	0	ok	0.51	0.48	0.00	
www.sportssy.or.kr	80	0	ok	0.54	0.45	0.00	
www.sportssy.or.kr	80	0	ok	0.17	0.68	0.00	
www.sportssy.or.kr	80	0	ok	0.00	0.50	0.00	
bsseogusports.or.kr	80	0	ok	0.53	0.65	0.00	
bsseogusports.or.kr	80	0	ok	0.53	0.65	0.00	
bsseogusports.or.kr	80	0	ok	0.51	0.76	0.00	
www.hud7330.com	80	0	ok	0.21	0.32	0.00	
www.hud7330.com	80	0	ok	0.22	0.44	0.00	
www.hud7330.com	80	0	ok	0.20	0.17	0.00	
yd7330.com	443	0	ok	0.07	0.19	0.32	
yd7330.com	443	0	ok	0.06	0.23	0.34	
yd7330.com	443	0	ok	0.06	0.18	0.33	
bbsc.kr	443	0	ok	0.33	0.48	0.34	
bbsc.kr	443	0	ok	0.48	0.49	0.33	
bbsc.kr	443	0	ok	0.34	0.48	0.33	
www.spo1.or.kr	443	0	ok	0.29	0.32	0.17	SSLCertVerificationError
www.spo1.or.kr	443	0	ok	0.32	0.45	0.17	SSLCertVerificationError
www.spo1.or.kr	443	0	ok	0.32	0.16	0.17	SSLCertVerificationError
www.ssnsc.or.kr	443	0	ok	0.33	0.50	0.17	
www.ssnsc.or.kr	443	0	ok	0.33	0.50	0.18	
www.ssnsc.or.kr	443	0	ok	0.33	0.16	0.17	
www.mjsports.co.kr	443	0	ok	0.47	0.45	0.17	
www.mjsports.co.kr	443	0	ok	0.36	0.17	0.17	
www.mjsports.co.kr	443	0	ok	0.01	3.04	0.17	
www.haeundae.go.kr	443	0	dns_fail	10.02	0.00	0.00	gaierror
www.haeundae.go.kr	443	0	dns_fail	10.01	0.00	0.00	gaierror
www.haeundae.go.kr	443	0	dns_fail	10.02	0.00	0.00	gaierror
www.saha.go.kr	443	0	ok	0.39	0.54	0.20	
www.saha.go.kr	443	0	ok	0.33	0.35	0.20	
www.saha.go.kr	443	0	ok	0.16	0.51	0.52	
lll.geumjeong.go.kr	443	0	ok	0.28	0.50	0.19	
lll.geumjeong.go.kr	443	0	ok	0.18	0.53	0.19	
lll.geumjeong.go.kr	443	0	ok	0.17	0.48	0.18	
www.yeonje.go.kr	443	0	ok	0.29	0.37	0.20	
www.yeonje.go.kr	443	0	ok	0.32	0.37	0.19	
www.yeonje.go.kr	443	0	ok	0.18	0.20	0.19	
www.bsseogu.go.kr	443	0	ok	0.64	0.37	0.55	
www.bsseogu.go.kr	443	0	ok	1.25	1.06	0.57	
www.bsseogu.go.kr	443	0	ok	0.01	0.51	0.55	
lll.bsgangseo.go.kr	443	0	ok	0.37	0.50	0.20	
lll.bsgangseo.go.kr	443	0	ok	0.33	0.51	0.20	
lll.bsgangseo.go.kr	443	0	ok	0.33	0.22	0.20	
www.dongnae.go.kr	443	0	ok	0.49	0.37	0.19	
www.dongnae.go.kr	443	0	ok	0.35	0.53	0.19	
www.dongnae.go.kr	443	0	ok	0.18	0.36	0.18	
www.yeongdo.go.kr	443	0	ok	0.65	0.52	0.40	
www.yeongdo.go.kr	443	0	ok	0.29	0.49	0.39	
www.yeongdo.go.kr	443	0	ok	0.34	0.34	0.40	
lll.busan.go.kr	443	0	ok	0.21	0.35	0.34	
lll.busan.go.kr	443	0	ok	0.18	0.48	0.35	
lll.busan.go.kr	443	0	ok	0.29	0.38	0.35	
sce.pusan.ac.kr	443	0	ok	1.12	0.17	0.19	
sce.pusan.ac.kr	443	0	ok	0.34	0.52	0.19	
sce.pusan.ac.kr	443	0	ok	0.31	0.47	0.19	
lifelong.deu.ac.kr	443	0	ok	0.33	0.32	0.32	
lifelong.deu.ac.kr	443	0	ok	0.29	0.50	0.33	
lifelong.deu.ac.kr	443	0	ok	0.31	0.50	0.32	
lec.bufs.ac.kr	443	0	ok	0.35	0.44	0.17	
lec.bufs.ac.kr	443	0	ok	0.28	0.49	0.17	
lec.bufs.ac.kr	443	0	ok	0.33	0.49	0.17	
cedu.bhu.ac.kr	443	0	ok	1.85	0.59	0.68	
cedu.bhu.ac.kr	443	0	ok	0.01	0.53	0.60	
cedu.bhu.ac.kr	443	0	ok	0.34	0.54	0.57	
soc.silla.ac.kr	443	0	ok	0.34	0.44	0.33	
soc.silla.ac.kr	443	0	ok	0.32	0.17	0.33	
soc.silla.ac.kr	443	0	ok	0.33	0.50	0.33	
uni.dongseo.ac.kr	443	0	ok	0.31	0.51	0.66	
uni.dongseo.ac.kr	443	0	ok	0.34	0.50	0.70	
uni.dongseo.ac.kr	443	0	ok	0.33	0.50	0.53	
lifedu.tu.ac.kr	443	0	ok	0.35	0.54	0.39	
lifedu.tu.ac.kr	443	0	ok	0.37	0.54	0.39	
lifedu.tu.ac.kr	443	0	ok	0.32	0.55	0.39	
edu.cup.ac.kr	443	0	ok	0.36	2.46	0.18	
edu.cup.ac.kr	443	0	ok	0.29	2.82	0.18	
edu.cup.ac.kr	443	0	ok	0.00	0.46	0.18	
cei.kit.ac.kr	443	0	ok	0.59	0.51	0.18	SSLCertVerificationError
cei.kit.ac.kr	443	0	ok	0.33	0.83	0.18	SSLCertVerificationError
cei.kit.ac.kr	443	0	ok	0.34	0.46	0.18	SSLCertVerificationError
ysedu.ysu.ac.kr	443	0	ok	2.79	0.44	0.17	
ysedu.ysu.ac.kr	443	0	ok	0.32	1.78	0.17	
ysedu.ysu.ac.kr	443	0	ok	0.01	0.51	0.17	
kosinedu.com	443	0	ok	0.60	0.68	0.33	
kosinedu.com	443	0	ok	0.22	0.82	0.63	
kosinedu.com	443	0	ok	0.54	0.16	0.33	
sahoi.bwc.ac.kr	443	0	ok	0.32	0.49	0.17	
sahoi.bwc.ac.kr	443	0	ok	0.32	0.48	0.18	
sahoi.bwc.ac.kr	443	0	ok	0.00	0.48	0.18	
life.bist.ac.kr	443	0	ok	1.67	0.50	0.36	
life.bist.ac.kr	443	0	ok	2.01	0.46	0.36	
life.bist.ac.kr	443	0	ok	0.01	1.75	0.35	
lifeedu.daedong.ac.kr	443	0	ok	2.17	2.28	0.36	
lifeedu.daedong.ac.kr	443	0	ok	2.33	0.71	0.35	
lifeedu.daedong.ac.kr	443	0	ok	2.36	0.72	0.36	
www.bdu.ac.kr	443	0	ok	0.69	0.67	0.33	
www.bdu.ac.kr	443	0	ok	0.61	0.32	0.33	
www.bdu.ac.kr	443	0	ok	0.45	0.71	0.33	
www.kmou.ac.kr	443	0	ok	0.29	0.49	0.51	
www.kmou.ac.kr	443	0	ok	0.29	0.49	0.50	
www.kmou.ac.kr	443	0	ok	0.30	0.17	0.35	
library.busan.go.kr	443	0	ok	0.18	0.50	0.49	
library.busan.go.kr	443	0	ok	0.01	0.34	0.49	
library.busan.go.kr	443	0	ok	0.17	0.33	0.49	
library.gijang.go.kr	443	0	ok	2.33	0.34	0.34	
library.gijang.go.kr	443	0	ok	0.00	0.86	0.33	
library.gijang.go.kr	443	0	ok	0.70	0.17	0.33	
dongnae.go.kr	443	0	ok	0.36	0.36	0.18	
dongnae.go.kr	443	0	ok	0.17	0.20	0.19	
dongnae.go.kr	443	0	ok	0.34	0.34	0.19	
library.bsgangseo.go.kr	443	0	ok	0.33	0.35	0.20	
library.bsgangseo.go.kr	443	0	ok	0.18	0.36	0.20	
library.bsgangseo.go.kr	443	0	ok	0.18	0.51	0.20	
www.geumjeong.go.kr	443	0	ok	0.35	0.35	0.18	
www.geumjeong.go.kr	443	0	ok	0.18	0.37	0.18	
www.geumjeong.go.kr	443	0	ok	0.18	0.47	0.19	
www.bsjunggucc.com	443	0	ok	0.37	0.37	0.33	
www.bsjunggucc.com	443	0	ok	0.29	0.44	0.33	
www.bsjunggucc.com	443	0	ok	0.01	0.17	0.33	
www.seogucc.or.kr	443	0	tcp_fail	0.55	20.47	0.00	TimeoutError
www.seogucc.or.kr	443	0	tcp_fail	4.49	20.61	0.00	TimeoutError
www.seogucc.or.kr	443	0	tcp_fail	0.54	20.61	0.00	TimeoutError
bdgcc.or.kr	80	0	ok	0.44	0.30	0.00	
bdgcc.or.kr	80	0	ok	0.14	0.17	0.00	
bdgcc.or.kr	80	0	ok	0.14	0.51	0.00	
busanjin.kccf.or.kr	80	0	ok	0.61	0.17	0.00	
busanjin.kccf.or.kr	80	0	ok	0.05	0.79	0.00	
busanjin.kccf.or.kr	80	0	ok	0.64	0.20	0.00	
dongnae.kccf.or.kr	80	0	ok	0.89	0.43	0.00	
dongnae.kccf.or.kr	80	0	ok	0.61	0.73	0.00	
dongnae.kccf.or.kr	80	0	ok	0.01	0.20	0.00	
www.bsnamgucc.or.kr	80	0	ok	0.78	0.49	0.00	
www.bsnamgucc.or.kr	80	0	ok	0.49	0.45	0.00	
www.bsnamgucc.or.kr	80	0	ok	0.01	0.48	0.00	
www.hudcc.or.kr	80	0	ok	3.46	2.72	0.00	
www.hudcc.or.kr	80	0	ok	0.56	0.32	0.00	
www.hudcc.or.kr	80	0	ok	0.00	0.73	0.00	
sahacc.kr	80	0	ok	0.84	0.83	0.00	
sahacc.kr	80	0	ok	0.70	0.91	0.00	
sahacc.kr	80	0	ok	0.87	0.86	0.00	
www.kumjung.or.kr	80	0	ok	0.33	0.49	0.00	
www.kumjung.or.kr	80	0	ok	0.00	0.43	0.00	
www.kumjung.or.kr	80	0	ok	0.28	0.46	0.00	
gijangcc.or.kr	80	0	ok	0.63	0.50	0.00	
gijangcc.or.kr	80	0	ok	0.80	0.45	0.00	
gijangcc.or.kr	80	0	ok	0.33	0.81	0.00	
bsarte.bscf.or.kr	443	0	ok	0.42	0.48	0.20	
bsarte.bscf.or.kr	443	0	ok	0.00	0.52	0.20	
bsarte.bscf.or.kr	443	0	ok	0.33	0.42	0.20	
www.bscc.or.kr	443	0	ok	0.29	0.49	0.33	
www.bscc.or.kr	443	0	ok	0.01	0.49	0.34	
www.bscc.or.kr	443	0	ok	0.33	0.45	0.33	
art.geumjeong.go.kr	443	0	ok	0.18	0.36	0.18	
art.geumjeong.go.kr	443	0	ok	0.18	0.35	0.18	
art.geumjeong.go.kr	443	0	ok	0.17	0.34	0.18	
www.gjfac.org	443	0	ok	0.20	0.34	0.33	
www.gjfac.org	443	0	ok	0.38	0.39	0.33	
www.gjfac.org	443	0	ok	0.21	0.35	0.33	
kcmf.or.kr	443	0	ok	0.99	0.16	0.18	
kcmf.or.kr	443	0	ok	0.32	0.49	0.17	
kcmf.or.kr	443	0	ok	0.57	0.18	0.18	
www.dureraum.org	443	0	ok	0.67	0.46	0.54	
www.dureraum.org	443	0	ok	0.19	0.35	0.54	
www.dureraum.org	443	0	ok	0.19	0.67	0.55	
busan.gugak.go.kr	443	0	ok	0.36	0.49	0.18	
busan.gugak.go.kr	443	0	ok	0.33	0.49	0.18	
busan.gugak.go.kr	443	0	ok	0.32	0.47	0.18	
art.busan.go.kr	443	0	ok	4.14	0.35	0.19	
art.busan.go.kr	443	0	ok	0.18	0.36	0.19	
art.busan.go.kr	443	0	ok	0.33	0.46	0.19	
www.busanyouth.net	443	0	ok	0.22	0.34	0.17	SSLCertVerificationError
www.busanyouth.net	443	0	ok	0.21	0.38	0.17	SSLCertVerificationError
www.busanyouth.net	443	0	ok	0.28	0.43	0.17	SSLCertVerificationError
bsyouth.or.kr	80	0	ok	0.32	0.53	0.00	
bsyouth.or.kr	80	0	ok	0.37	0.33	0.00	
bsyouth.or.kr	80	0	ok	0.18	0.29	0.00	
www.bsycsay.or.kr	80	0	ok	0.76	2.38	0.00	
www.bsycsay.or.kr	80	0	ok	0.42	0.68	0.00	
www.bsycsay.or.kr	80	0	ok	2.93	2.90	0.00	
www.busanonestop.or.kr	80	0	ok	1.36	0.74	0.00	
www.busanonestop.or.kr	80	0	ok	0.17	0.68	0.00	
www.busanonestop.or.kr	80	0	ok	0.30	0.71	0.00	
www.youthcool.or.kr	443	0	ok	0.96	1.00	0.17	
www.youthcool.or.kr	443	0	ok	0.97	1.12	0.17	
www.youthcool.or.kr	443	0	ok	0.97	1.00	0.17	
www.onnainna.kr	443	0	ok	0.85	0.91	0.36	
www.onnainna.kr	443	0	ok	0.35	0.54	0.37	
www.onnainna.kr	443	0	ok	0.84	0.42	0.36	
www.power0924.org	443	0	ok	0.20	0.36	0.33	
www.power0924.org	443	0	ok	0.19	0.35	0.33	
www.power0924.org	443	0	ok	0.18	0.36	0.33	
kum-gok.or.kr	80	0	ok	0.29	0.71	0.00	
kum-gok.or.kr	80	0	ok	0.32	0.17	0.00	
kum-gok.or.kr	80	0	ok	0.56	0.49	0.00	
www.yzzang.com	443	0	ok	0.21	0.32	0.33	
www.yzzang.com	443	0	ok	0.19	0.34	0.33	
www.yzzang.com	443	0	ok	0.23	1.09	0.33	
gudeok.or.kr	443	0	ok	0.30	0.49	0.33	
gudeok.or.kr	443	0	ok	0.32	0.45	0.33	
gudeok.or.kr	443	0	ok	1.11	1.08	0.33	
gayayouth.or.kr	80	0	ok	0.35	0.48	0.00	
gayayouth.or.kr	80	0	ok	0.19	0.51	0.00	
gayayouth.or.kr	80	0	ok	0.02	0.43	0.00	
teenstory.kr	443	0	ok	0.40	0.65	0.33	
teenstory.kr	443	0	ok	0.33	0.81	0.34	
teenstory.kr	443	0	ok	0.01	0.65	0.33	
bkyouth.or.kr	80	0	ok	0.33	0.47	0.00	
bkyouth.or.kr	80	0	ok	0.41	0.50	0.00	
bkyouth.or.kr	80	0	ok	0.94	0.46	0.00	
sahayouth.or.kr	80	0	ok	0.66	0.72	0.00	
sahayouth.or.kr	80	0	ok	0.65	0.16	0.00	
sahayouth.or.kr	80	0	ok	0.65	0.80	0.00	
www.seoguyouth.co.kr	443	0	ok	0.58	0.72	0.33	
www.seoguyouth.co.kr	443	0	ok	0.16	0.80	0.33	
www.seoguyouth.co.kr	443	0	ok	0.64	0.48	0.33	
www.seeyouth.or.kr	80	0	ok	0.17	0.30	0.00	
www.seeyouth.or.kr	80	0	ok	0.18	0.29	0.00	
www.seeyouth.or.kr	80	0	ok	0.02	0.34	0.00	
purun1318.org	443	0	ok	0.23	0.43	0.33	
purun1318.org	443	0	ok	0.20	0.37	0.33	
purun1318.org	443	0	ok	0.30	0.40	0.33	
www.cando.or.kr	80	0	ok	0.81	0.50	0.00	
www.cando.or.kr	80	0	ok	0.80	0.81	0.00	
www.cando.or.kr	80	0	ok	0.33	0.95	0.00	
www.gjyouth1388.or.kr	443	0	ok	0.64	0.80	0.17	
www.gjyouth1388.or.kr	443	0	ok	0.65	0.72	0.17	
www.gjyouth1388.or.kr	443	0	ok	0.96	0.44	0.17	
www.namgu1388.kr	443	0	ok	0.30	0.44	0.17	
www.namgu1388.kr	443	0	ok	0.00	0.49	0.17	
www.namgu1388.kr	443	0	ok	0.01	0.52	0.17	
saha1388.kr	443	0	ok	1.14	0.45	0.34	
saha1388.kr	443	0	ok	0.96	0.80	0.34	
saha1388.kr	443	0	ok	0.28	0.72	0.34	
meetyou.kr	80	0	ok	0.56	0.66	0.00	
meetyou.kr	80	0	ok	0.54	0.72	0.00	
meetyou.kr	80	0	ok	0.55	0.75	0.00	
www.busanyouth.or.kr	80	0	ok	0.29	0.48	0.00	
www.busanyouth.or.kr	80	0	ok	0.33	0.32	0.00	
www.busanyouth.or.kr	80	0	ok	0.32	0.96	0.00	
www.bsjin1388.or.kr	443	0	ok	0.18	0.30	0.33	
www.bsjin1388.or.kr	443	0	ok	0.17	0.29	0.33	
www.bsjin1388.or.kr	443	0	ok	0.18	0.30	0.33	
u-dream.or.kr	80	0	ok	0.57	0.33	0.00	
u-dream.or.kr	80	0	ok	0.54	0.17	0.00	
u-dream.or.kr	80	0	ok	0.51	0.77	0.00	
www.yeonje1388.or.kr	443	0	ok	0.15	0.33	0.33	
www.yeonje1388.or.kr	443	0	ok	0.18	0.31	0.33	
www.yeonje1388.or.kr	443	0	ok	0.01	0.17	0.33	
www.bro3c.org	443	0	ok	0.68	0.69	0.17	
www.bro3c.org	443	0	ok	0.62	0.36	0.17	
www.bro3c.org	443	0	ok	0.30	0.17	0.17	
www.icareinfo.go.kr	443	0	ok	0.34	0.62	0.17	
www.icareinfo.go.kr	443	0	ok	0.30	0.51	0.17	
www.icareinfo.go.kr	443	0	ok	0.29	0.20	0.18	
busansb.gcps.or.kr	443	0	ok	0.71	0.61	0.17	
busansb.gcps.or.kr	443	0	ok	0.12	0.21	0.17	
busansb.gcps.or.kr	443	0	ok	0.00	0.20	0.17	
dbchild.saem.or.kr	80	0	ok	1.02	0.81	0.00	
dbchild.saem.or.kr	80	0	ok	0.64	0.17	0.00	
dbchild.saem.or.kr	80	0	ok	1.18	1.16	0.00	
jbusan1391.or.kr	80	0	ok	0.66	0.83	0.00	
jbusan1391.or.kr	80	0	ok	0.65	0.84	0.00	
jbusan1391.or.kr	80	0	ok	0.57	0.17	0.00	
busan.childcare.go.kr	443	0	ok	0.33	0.67	0.19	
busan.childcare.go.kr	443	0	ok	0.41	0.51	0.19	
busan.childcare.go.kr	443	0	ok	0.16	0.47	0.19	
www.sasangicare.kr	443	0	ok	0.36	0.31	0.33	
www.sasangicare.kr	443	0	ok	0.35	0.42	0.33	
www.sasangicare.kr	443	0	ok	0.14	0.16	0.33	
www.bsyscc.or.kr	443	0	ok	0.63	1.10	0.33	
www.bsyscc.or.kr	443	0	ok	0.67	0.16	0.32	
www.bsyscc.or.kr	443	0	ok	0.29	0.51	0.32	
www.bsscc.or.kr	443	0	ok	0.29	0.50	0.17	
www.bsscc.or.kr	443	0	ok	0.32	0.45	0.17	
www.bsscc.or.kr	443	0	ok	0.33	0.44	0.17	
www.gjscc.or.kr	443	0	ok	0.33	0.45	0.18	
www.gjscc.or.kr	443	0	ok	0.32	0.49	0.17	
www.gjscc.or.kr	443	0	ok	0.34	0.16	0.17	
www.sahascc.or.kr	443	0	ok	1.13	1.26	0.17	
www.sahascc.or.kr	443	0	ok	1.11	0.49	0.17	
www.sahascc.or.kr	443	0	ok	0.28	0.50	0.17	
www.ydgscc.or.kr	443	0	ok	0.33	0.48	0.17	
www.ydgscc.or.kr	443	0	ok	0.29	0.50	0.17	
www.ydgscc.or.kr	443	0	ok	0.28	0.45	0.17	
gijangchild.or.kr	443	0	ok	0.51	0.59	0.17	
gijangchild.or.kr	443	0	ok	0.17	0.33	0.17	
gijangchild.or.kr	443	0	ok	0.00	0.30	0.18	
www.bjscfc.or.kr	443	0	ok	1.47	0.33	0.17	
www.bjscfc.or.kr	443	0	ok	0.32	0.48	0.18	
www.bjscfc.or.kr	443	0	ok	0.28	0.16	0.17	
www.bbgscc.or.kr	443	0	ok	0.33	0.49	0.33	
www.bbgscc.or.kr	443	0	ok	0.32	0.73	0.32	
www.bbgscc.or.kr	443	0	ok	0.65	1.29	0.33	
www.bdscc.or.kr	443	0	ok	0.13	0.33	0.17	
www.bdscc.or.kr	443	0	ok	0.14	0.34	0.17	
www.bdscc.or.kr	443	0	ok	0.13	0.19	0.17	
www.bgscc.or.kr	443	0	ok	0.35	0.49	0.18	
www.bgscc.or.kr	443	0	ok	0.29	0.48	0.18	
www.bgscc.or.kr	443	0	ok	0.28	0.50	0.18	
www.baswc.org	443	0	ok	0.46	0.45	0.17	
www.baswc.org	443	0	ok	0.17	0.35	0.18	
www.baswc.org	443	0	ok	0.01	0.66	0.17	
bswin.net	443	0	ok	0.17	0.13	0.03	
bswin.net	443	0	ok	0.11	0.09	0.03	
bswin.net	443	0	ok	0.00	0.01	0.02	
www.gangseosw.or.kr	443	0	ok	0.64	0.43	0.17	
www.gangseosw.or.kr	443	0	ok	0.28	0.81	0.17	
www.gangseosw.or.kr	443	0	ok	0.17	0.50	0.17	
www.ndswc.or.kr	443	0	ok	0.66	0.75	0.33	
www.ndswc.or.kr	443	0	ok	0.35	0.16	0.33	
www.ndswc.or.kr	443	0	ok	0.32	0.32	0.33	
www.kumjungswc.or.kr	443	0	ok	0.64	0.16	0.17	
www.kumjungswc.or.kr	443	0	ok	0.85	0.16	0.17	
www.kumjungswc.or.kr	443	0	ok	0.55	0.48	0.17	
www.nk.or.kr	443	0	ok	0.65	0.49	0.17	
www.nk.or.kr	443	0	ok	0.63	0.81	0.17	
www.nk.or.kr	443	0	ok	0.64	0.33	0.17	
www.gamman.or.kr	80	0	ok	0.28	0.45	0.00	
www.gamman.or.kr	80	0	ok	1.15	0.50	0.00	
www.gamman.or.kr	80	0	ok	0.29	0.48	0.00	
www.yongho.or.kr	443	0	ok	0.18	0.34	0.33	
www.yongho.or.kr	443	0	ok	0.18	0.30	0.33	
www.yongho.or.kr	443	0	ok	0.18	0.29	0.33	
www.chorogusan-busan.or.kr	443	0	ok	0.18	0.35	0.36	
www.chorogusan-busan.or.kr	443	0	ok	0.14	0.30	0.35	
www.chorogusan-busan.or.kr	443	0	ok	0.17	0.28	0.35	
www.sjcwc.org	443	0	ok	0.21	0.51	0.17	
www.sjcwc.org	443	0	ok	0.17	0.35	0.18	
www.sjcwc.org	443	0	ok	0.29	0.46	0.17	
www.yjingu.or.kr	80	0	ok	0.33	1.10	0.00	
www.yjingu.or.kr	80	0	ok	0.34	0.47	0.00	
www.yjingu.or.kr	80	0	ok	0.29	0.17	0.00	
anguk.gaegeum.org	443	0	ok	0.06	0.21	0.18	
anguk.gaegeum.org	443	0	ok	0.05	0.20	0.17	
anguk.gaegeum.org	443	0	ok	0.23	0.23	0.17	
www.danggam.or.kr	443	0	ok	0.52	0.59	0.18	
www.danggam.or.kr	443	0	ok	0.01	0.64	0.19	
www.danggam.or.kr	443	0	ok	0.29	0.65	0.17	
www.jpswc.or.kr	443	0	ok	0.17	0.33	0.33	
www.jpswc.or.kr	443	0	ok	0.18	0.29	0.33	
www.jpswc.or.kr	443	0	ok	0.14	0.33	0.33	
www.jsswc.or.kr	443	0	tcp_fail	0.64	21.84	0.00	TimeoutError
www.jsswc.or.kr	443	0	tcp_fail	0.57	20.64	0.00	TimeoutError
www.jsswc.or.kr	443	0	tcp_fail	0.01	20.65	0.00	TimeoutError
www.duc1000.co.kr	80	0	ok	0.42	0.66	0.00	
www.duc1000.co.kr	80	0	ok	0.32	0.59	0.00	
www.duc1000.co.kr	80	0	ok	0.50	0.33	0.00	
www.gongchang.or.kr	80	0	ok	0.35	0.49	0.00	
www.gongchang.or.kr	80	0	ok	0.33	0.45	0.00	
www.gongchang.or.kr	80	0	ok	0.28	0.49	0.00	
www.ymcadw.org	80	0	ok	0.96	0.35	0.00	
www.ymcadw.org	80	0	ok	0.64	0.17	0.00	
www.ymcadw.org	80	0	ok	0.36	0.17	0.00	
www.nsjswc.co.kr	443	0	ok	0.39	0.57	0.33	
www.nsjswc.co.kr	443	0	ok	0.48	0.65	0.33	
www.nsjswc.co.kr	443	0	ok	0.17	0.66	0.33	
www.hmswc2233.or.kr	80	0	ok	0.49	0.66	0.00	
www.hmswc2233.or.kr	80	0	ok	0.50	0.16	0.00	
www.hmswc2233.or.kr	80	0	ok	0.49	0.64	0.00	
mandeok07.org	443	0	ok	0.33	0.35	0.34	
mandeok07.org	443	0	ok	0.95	0.36	0.33	
mandeok07.org	443	0	ok	0.35	0.50	0.33	
www.moraswc.or.kr	443	0	ok	0.32	0.48	0.17	
www.moraswc.or.kr	443	0	ok	0.28	0.43	0.17	
www.moraswc.or.kr	443	0	ok	0.32	0.17	0.17	
www.swc.or.kr	443	0	ok	0.33	0.43	0.17	
www.swc.or.kr	443	0	ok	0.65	0.43	0.17	
www.swc.or.kr	443	0	ok	0.33	0.48	0.17	
www.hakjang.or.kr	80	0	ok	0.19	0.29	0.00	
www.hakjang.or.kr	80	0	ok	0.18	0.33	0.00	
www.hakjang.or.kr	80	0	ok	0.14	0.34	0.00	
www.sahabokji.or.kr	443	0	ok	2.31	0.61	0.33	
www.sahabokji.or.kr	443	0	ok	0.34	0.44	0.33	
www.sahabokji.or.kr	443	0	ok	0.56	0.16	0.33	
www.gupyung.or.kr	443	0	ok	0.54	0.49	0.33	
www.gupyung.or.kr	443	0	ok	0.32	0.49	0.33	
www.gupyung.or.kr	443	0	ok	0.49	0.44	0.33	
www.pseogu.or.kr	443	0	ok	0.18	0.34	0.17	
www.pseogu.or.kr	443	0	ok	0.14	0.33	0.17	
www.pseogu.or.kr	443	0	ok	0.13	0.33	0.17	
www.holtsy.or.kr	443	0	ok	0.32	0.17	0.33	
www.holtsy.or.kr	443	0	ok	0.01	0.48	0.34	
www.holtsy.or.kr	443	0	ok	0.28	0.48	0.33	
www.youngdogu.or.kr	80	0	ok	0.33	0.49	0.00	
www.youngdogu.or.kr	80	0	ok	0.28	0.45	0.00	
www.youngdogu.or.kr	80	0	ok	0.33	0.44	0.00	
www.dscwc.or.kr	443	0	ok	0.55	0.72	0.18	
www.dscwc.or.kr	443	0	ok	0.32	0.17	0.18	
www.dscwc.or.kr	443	0	ok	0.32	0.64	0.17	
www.jy.or.kr	443	0	ok	0.17	0.34	0.33	
www.jy.or.kr	443	0	ok	0.18	0.30	0.33	
www.jy.or.kr	443	0	ok	0.18	0.16	0.33	
www.sangli.org	443	0	ok	0.61	0.64	0.33	
www.sangli.org	443	0	ok	0.48	0.67	0.34	
www.sangli.org	443	0	ok	0.51	0.77	0.33	
www.wachi.or.kr	443	0	ok	0.57	0.71	0.33	
www.wachi.or.kr	443	0	ok	0.64	0.48	0.33	
www.wachi.or.kr	443	0	ok	0.55	0.81	0.32	
www.jungbok.or.kr	80	0	ok	0.32	0.16	0.00	
www.jungbok.or.kr	80	0	ok	0.32	0.44	0.00	
www.jungbok.or.kr	80	0	ok	0.29	0.46	0.00	
www.yjswc.or.kr	443	0	ok	1.63	0.80	0.17	
www.yjswc.or.kr	443	0	ok	0.65	0.18	0.17	
www.yjswc.or.kr	443	0	ok	0.64	0.80	0.17	
haeundae.saem.or.kr	80	0	ok	1.13	0.80	0.00	
haeundae.saem.or.kr	80	0	ok	1.00	1.18	0.00	
haeundae.saem.or.kr	80	0	ok	1.01	1.18	0.00	
www.woon-bong.or.kr	443	0	ok	0.32	0.49	0.33	
www.woon-bong.or.kr	443	0	ok	0.33	0.31	0.33	
www.woon-bong.or.kr	443	0	ok	0.28	0.44	0.33	
www.banseok1995.or.kr	80	0	ok	0.32	0.44	0.00	
www.banseok1995.or.kr	80	0	ok	0.32	0.48	0.00	
www.banseok1995.or.kr	80	0	ok	0.32	0.48	0.00	
www.sungsil.or.kr	80	0	ok	0.66	0.82	0.00	
www.sungsil.or.kr	80	0	ok	0.33	0.49	0.00	
www.sungsil.or.kr	80	0	ok	0.01	0.34	0.00	
www.ebanyeo.com	443	0	ok	0.22	0.43	0.33	
www.ebanyeo.com	443	0	ok	0.22	0.38	0.33	
www.ebanyeo.com	443	0	ok	0.21	0.38	0.33	
www.bgjswc.or.kr	443	0	ok	0.32	0.44	0.19	
www.bgjswc.or.kr	443	0	ok	0.32	0.49	0.17	
www.bgjswc.or.kr	443	0	ok	0.28	0.17	0.17	
www.chambokji.org	443	0	ok	0.30	0.48	0.17	
www.chambokji.org	443	0	ok	0.19	0.35	0.17	
www.chambokji.org	443	0	ok	0.18	0.32	0.17	
www.youngsilver.or.kr	80	0	ok	0.32	0.50	0.00	
www.youngsilver.or.kr	80	0	ok	0.32	0.51	0.00	
www.youngsilver.or.kr	80	0	ok	0.28	0.50	0.00	
www.xn--9i1b2b12rnnlbwc3yf.org	80	0	ok	0.99	0.36	0.00	
www.xn--9i1b2b12rnnlbwc3yf.org	80	0	ok	0.18	0.47	0.00	
www.xn--9i1b2b12rnnlbwc3yf.org	80	0	ok	0.17	0.16	0.00	
www.senior1004.co.kr	80	0	ok	0.32	0.46	0.00	
www.senior1004.co.kr	80	0	ok	0.01	0.44	0.00	
www.senior1004.co.kr	80	0	ok	0.00	0.50	0.00	
www.geumjeongsilver.kr	443	0	ok	0.18	0.29	0.17	
www.geumjeongsilver.kr	443	0	ok	0.19	0.35	0.17	
www.geumjeongsilver.kr	443	0	ok	0.17	0.33	0.17	
www.gasenior.org	443	0	ok	0.04	0.36	0.17	
www.gasenior.org	443	0	ok	0.04	0.19	0.17	
www.gasenior.org	443	0	ok	0.32	0.19	0.17	
www.dnswc.or.kr	443	0	ok	0.32	0.46	0.17	
www.dnswc.or.kr	443	0	ok	0.28	0.48	0.17	
www.dnswc.or.kr	443	0	ok	0.32	0.45	0.17	
jasungdae.or.kr	80	0	ok	0.30	1.18	0.00	
jasungdae.or.kr	80	0	ok	0.00	0.50	0.00	
jasungdae.or.kr	80	0	ok	0.34	0.46	0.00	
www.junggusilver.or.kr	80	0	ok	0.33	0.32	0.00	
www.junggusilver.or.kr	80	0	ok	0.32	0.44	0.00	
www.junggusilver.or.kr	80	0	ok	0.33	0.49	0.00	
moon9988.or.kr	80	0	ok	0.18	0.17	0.00	
moon9988.or.kr	80	0	ok	0.13	0.33	0.00	
moon9988.or.kr	80	0	ok	0.18	0.33	0.00	
mjnoin.ai-sw.net	80	0	ok	0.21	0.38	0.00	
mjnoin.ai-sw.net	80	0	ok	0.00	0.43	0.00	
mjnoin.ai-sw.net	80	0	ok	0.19	0.43	0.00	
ojin.saem.or.kr	80	0	ok	0.65	0.16	0.00	
ojin.saem.or.kr	80	0	ok	0.34	0.49	0.00	
ojin.saem.or.kr	80	0	ok	0.01	0.33	0.00	
www.sasang-senior.or.kr	80	0	ok	0.33	0.45	0.00	
www.sasang-senior.or.kr	80	0	ok	0.32	0.50	0.00	
www.sasang-senior.or.kr	80	0	ok	0.33	0.48	0.00	
www.xn--hk3bqct1u.kr	80	0	tcp_fail	3.30	20.59	0.00	TimeoutError
www.xn--hk3bqct1u.kr	80	0	tcp_fail	2.65	22.12	0.00	TimeoutError
www.xn--hk3bqct1u.kr	80	0	tcp_fail	0.56	20.59	0.00	TimeoutError
6070.bulgukto.or.kr	443	0	ok	0.34	0.48	0.33	
6070.bulgukto.or.kr	443	0	ok	0.00	0.47	0.33	
6070.bulgukto.or.kr	443	0	ok	0.33	0.46	0.33	
www.youngdosenior.or.kr	80	0	ok	0.33	0.81	0.00	
www.youngdosenior.or.kr	80	0	ok	0.32	0.80	0.00	
www.youngdosenior.or.kr	80	0	ok	0.01	0.16	0.00	
www.yjsilver.com	80	0	tcp_fail	0.30	20.30	0.00	TimeoutError
www.yjsilver.com	80	0	tcp_fail	0.32	20.38	0.00	TimeoutError
www.yjsilver.com	80	0	tcp_fail	0.38	20.34	0.00	TimeoutError
www.bssgsenior.or.kr	443	0	ok	0.33	0.45	0.33	
www.bssgsenior.or.kr	443	0	ok	0.29	0.49	0.33	
www.bssgsenior.or.kr	443	0	ok	0.00	0.17	0.33	
www.ngswc.or.kr	80	0	ok	0.33	0.49	0.00	
www.ngswc.or.kr	80	0	ok	0.28	0.17	0.00	
www.ngswc.or.kr	80	0	ok	0.33	0.43	0.00	
www.bmsenior.org	443	0	ok	0.14	0.36	0.33	
www.bmsenior.org	443	0	ok	0.04	0.20	0.33	
www.bmsenior.org	443	0	ok	0.04	0.20	0.33	
sahasilver.org	443	0	ok	0.20	0.57	0.33	
sahasilver.org	443	0	ok	0.20	0.34	0.33	
sahasilver.org	443	0	ok	0.36	0.17	0.33	
www.rehabcenter.or.kr	443	0	ok	0.32	0.46	0.17	
www.rehabcenter.or.kr	443	0	ok	0.00	0.48	0.17	
www.rehabcenter.or.kr	443	0	ok	0.29	0.49	0.17	
bgrc.or.kr	443	1	ok	0.57	0.80	0.34	
bgrc.or.kr	443	1	ok	0.56	0.63	0.34	
bgrc.or.kr	443	1	ok	0.55	0.17	0.33	
dnrc.kr	443	0	ok	0.49	0.33	0.18	
dnrc.kr	443	0	ok	0.65	0.45	0.17	
dnrc.kr	443	0	ok	0.49	0.65	0.17	
busancp.or.kr	80	0	ok	0.69	0.73	0.00	
busancp.or.kr	80	0	ok	0.67	0.73	0.00	
busancp.or.kr	80	0	ok	0.64	0.81	0.00	
www.newwhite.or.kr	443	0	ok	0.78	0.49	0.33	
www.newwhite.or.kr	443	0	ok	0.34	0.48	0.33	
www.newwhite.or.kr	443	0	ok	0.34	0.50	0.33	
www.seogurc.or.kr	80	0	ok	0.66	0.83	0.00	
www.seogurc.or.kr	80	0	ok	5.10	0.17	0.00	
www.seogurc.or.kr	80	0	ok	0.65	0.35	0.00	
www.yeongdorc.or.kr	443	0	ok	0.33	0.48	0.33	
www.yeongdorc.or.kr	443	0	ok	0.33	0.32	0.33	
www.yeongdorc.or.kr	443	0	ok	0.33	0.49	0.33	
bokji.chambokji.org	443	0	ok	0.19	0.34	0.17	
bokji.chambokji.org	443	0	ok	0.16	0.35	0.17	
bokji.chambokji.org	443	0	ok	0.31	0.18	0.17	
www.namgurc.or.kr	80	0	ok	0.34	0.48	0.00	
www.namgurc.or.kr	80	0	ok	0.33	0.45	0.00	
www.namgurc.or.kr	80	0	ok	0.28	0.44	0.00	
www.nasaham.or.kr	443	0	ok	0.33	0.45	0.18	
www.nasaham.or.kr	443	0	ok	0.33	0.44	0.17	
www.nasaham.or.kr	443	0	ok	0.31	0.16	0.17	
saharc.or.kr	80	0	ok	0.51	0.68	0.00	
saharc.or.kr	80	0	ok	0.43	0.75	0.00	
saharc.or.kr	80	0	ok	0.51	0.67	0.00	
www.gjrc.or.kr	443	0	ok	0.33	0.45	0.17	
www.gjrc.or.kr	443	0	ok	0.33	0.50	0.17	
www.gjrc.or.kr	443	0	ok	0.32	0.50	0.17	
www.gijangbok.or.kr	443	0	ok	0.33	0.45	0.17	
www.gijangbok.or.kr	443	0	ok	0.34	0.45	0.17	
www.gijangbok.or.kr	443	0	ok	0.01	0.49	0.17	
www.sasangrc.or.kr	80	0	ok	0.52	0.67	0.00	
www.sasangrc.or.kr	80	0	ok	0.36	0.33	0.00	
www.sasangrc.or.kr	80	0	ok	0.52	0.49	0.00	
www.bswoman.or.kr	443	0	ok	0.33	0.49	0.17	
www.bswoman.or.kr	443	0	ok	0.33	0.45	0.18	
www.bswoman.or.kr	443	0	ok	0.33	0.49	0.18	
www.womancenter.or.kr	443	0	ok	0.33	0.49	0.17	
www.womancenter.or.kr	443	0	ok	0.28	0.46	0.18	
www.womancenter.or.kr	443	0	ok	0.34	0.48	0.17	
www.hwcenter.or.kr	443	0	ok	0.32	0.45	0.33	
www.hwcenter.or.kr	443	0	ok	0.00	0.45	0.33	
www.hwcenter.or.kr	443	0	ok	0.16	0.44	0.33	
www.ewoman.or.kr	80	0	ok	0.90	0.68	0.00	
www.ewoman.or.kr	80	0	ok	0.98	0.97	0.00	
www.ewoman.or.kr	80	0	ok	0.94	0.64	0.00	
www.sahawcenter.or.kr	443	0	ok	0.63	0.50	0.18	
www.sahawcenter.or.kr	443	0	ok	0.29	0.50	0.17	
www.sahawcenter.or.kr	443	0	ok	0.30	0.44	0.17	
www.bgli.re.kr	443	0	ok	0.13	0.33	0.17	
www.bgli.re.kr	443	0	ok	0.13	0.33	0.17	
www.bgli.re.kr	443	0	ok	0.17	0.34	0.17	
www.liveinkorea.kr	443	0	ok	2.45	1.84	0.34	
www.liveinkorea.kr	443	0	ok	0.33	0.45	0.34	
www.liveinkorea.kr	443	0	ok	0.33	0.18	0.34	
www.bepa.kr	443	0	ok	0.28	0.44	0.17	SSLCertVerificationError
www.bepa.kr	443	0	ok	0.29	0.49	0.17	SSLCertVerificationError
www.bepa.kr	443	0	ok	0.32	0.48	0.18	SSLCertVerificationError
www.bscf.or.kr	443	0	ok	0.33	0.48	0.39	
www.bscf.or.kr	443	0	ok	0.40	0.48	0.39	
www.bscf.or.kr	443	0	ok	0.29	0.48	0.43	
www.busanjob.net	443	0	ok	0.28	0.34	0.17	
www.busanjob.net	443	0	ok	0.28	0.48	0.17	
www.busanjob.net	443	0	ok	0.00	0.33	0.17	
